{"schemaVersion":"1.0","appDefinitionTemplate":{"id":"/providers/Microsoft.PowerApps/apps/","type":"Microsoft.PowerApps/apps","tags":{"primaryDeviceWidth":"1366","primaryDeviceHeight":"768","sienaVersion":"20210916T113214Z-3.21091.30.0","deviceCapabilities":"","supportsPortrait":"true","supportsLandscape":"true","primaryFormFactor":"Tablet","publisherVersion":"3.21091.30","minimumRequiredApiVersion":"2.2.0","hasComponent":"false","hasUnlockedComponent":"false","isUnifiedRootApp":"false"},"properties":{"appVersion":"2021-09-16T11:32:14Z","lifeCycleId":"Published","createdByClientVersion":{"major":3,"minor":21091,"build":30,"revision":0,"majorRevision":0,"minorRevision":0},"minClientVersion":{"major":3,"minor":21091,"build":30,"revision":0,"majorRevision":0,"minorRevision":0},"backgroundColor":"rgba(0, 176, 240, 1)","backgroundImageUri":"/10643966464851196172/Nd08434f8-6645-4020-b858-ad5b714452a1-logoSmallFile","displayName":"MapView","description":"","commitMessage":"","appUris":{"documentUri":{"value":"/10643966464851196172/N103284c6-088d-4d22-8c26-465f02462f69-document.msapp"},"imageUris":[]},"createdTime":"0001-01-01T00:00:00Z","lastModifiedTime":"0001-01-01T00:00:00Z","sharedGroupsCount":0,"sharedUsersCount":0,"icons":{"smallIconUri":"/10643966464851196172/Na6d999c4-0367-4a25-ba2e-930ec9520ad0-small.png","mediumIconUri":"/10643966464851196172/N62310fcd-100e-45ca-98f8-41892c5cbe3e-medium.png","largeIconUri":"/10643966464851196172/Nbe0a74a3-6834-49d3-95b6-462226d3d2a7-large.png","wideIconUri":"/10643966464851196172/N88001286-6957-4e81-8833-c44a7090d675-wide.png"},"connectionReferences":{},"databaseReferences":{},"almMode":"Environment","performanceOptimizationEnabled":true,"canConsumeAppPass":true,"executionRestrictions":{"isTeamsOnly":false,"dataLossPreventionEvaluationResult":{"status":"Compliant","lastEvaluationDate":"2021-09-16T04:29:22.3557999Z","violations":[],"violationsByPolicy":[],"violationErrorMessage":"このアプリでは、次のコネクタが使用されます: 。"}}},"appType":"ClassicCanvasApp","appComponents":[]}}