{"schemaVersion":"1.0","appDefinitionTemplate":{"id":"/providers/Microsoft.PowerApps/apps/","type":"Microsoft.PowerApps/apps","tags":{"primaryDeviceWidth":"1366","primaryDeviceHeight":"768","sienaVersion":"20210918T040632Z-3.21091.38.0","deviceCapabilities":"","supportsPortrait":"true","supportsLandscape":"true","primaryFormFactor":"Tablet","publisherVersion":"3.21091.38","minimumRequiredApiVersion":"2.2.0","hasComponent":"false","hasUnlockedComponent":"false","isUnifiedRootApp":"false"},"properties":{"appVersion":"2021-09-18T04:06:32Z","lifeCycleId":"Published","createdByClientVersion":{"major":3,"minor":21091,"build":38,"revision":0,"majorRevision":0,"minorRevision":0},"minClientVersion":{"major":3,"minor":21091,"build":38,"revision":0,"majorRevision":0,"minorRevision":0},"backgroundColor":"rgba(0, 200, 238, 1)","backgroundImageUri":"/10643966464851196172/N70f47653-09bd-4f08-ab49-ae0f7f4f90d3-logoSmallFile","displayName":"MapView","description":"","commitMessage":"","appUris":{"documentUri":{"value":"/10643966464851196172/N6cdf5d55-f29a-48fd-a36d-933e4ad75c4d-document.msapp"},"imageUris":[]},"createdTime":"0001-01-01T00:00:00Z","lastModifiedTime":"0001-01-01T00:00:00Z","sharedGroupsCount":0,"sharedUsersCount":0,"icons":{"smallIconUri":"/10643966464851196172/N35f496cf-3032-448e-a016-16d7c0b9fa0e-small.png","mediumIconUri":"/10643966464851196172/N3c1207f6-04c9-4645-ada6-9c0fc21de4df-medium.png","largeIconUri":"/10643966464851196172/Nff7cd641-11df-4d12-b34d-ef3fc078d155-large.png","wideIconUri":"/10643966464851196172/Na1652242-e255-40d7-afd3-b0e5d7986427-wide.png"},"connectionReferences":{"ca15a535-60d7-4774-b65a-f12a60b77291":{"id":"5345842f-0112-45b5-8b81-140c244997c1","displayName":"Office 365 ユーザー","iconUri":"https://connectoricons-prod.azureedge.net/releases/v1.0.1510/1.0.1510.2537/office365users/icon.png","dataSources":["Office365ユーザー"],"dependencies":[],"dependents":[],"parameterHints":{},"parameterHintsV2":{},"isOnPremiseConnection":false,"bypassConsent":false,"dataSets":{},"apiTier":"Standard","isCustomApiConnection":false,"actions":["MyProfileV2","SearchUserV2","UserPhoto"]}},"databaseReferences":{},"almMode":"Solution","performanceOptimizationEnabled":true,"canConsumeAppPass":true,"executionRestrictions":{"isTeamsOnly":false,"dataLossPreventionEvaluationResult":{"status":"Compliant","lastEvaluationDate":"2021-09-16T04:29:22.3557999Z","violations":[],"violationsByPolicy":[],"violationErrorMessage":"このアプリでは、次のコネクタが使用されます: 。"}}},"appType":"ClassicCanvasApp","appComponents":[]}}