{"schemaVersion":"1.0","appDefinitionTemplate":{"id":"/providers/Microsoft.PowerApps/apps/","type":"Microsoft.PowerApps/apps","tags":{"primaryDeviceWidth":"1366","primaryDeviceHeight":"768","sienaVersion":"20211007T031349Z-3.21094.21.0","deviceCapabilities":"","supportsPortrait":"true","supportsLandscape":"true","primaryFormFactor":"Tablet","publisherVersion":"3.21094.21","minimumRequiredApiVersion":"2.2.0","hasComponent":"true","hasUnlockedComponent":"true","isUnifiedRootApp":"false"},"properties":{"appVersion":"2021-10-07T03:13:49Z","lifeCycleId":"Published","createdByClientVersion":{"major":3,"minor":21094,"build":21,"revision":0,"majorRevision":0,"minorRevision":0},"minClientVersion":{"major":3,"minor":21094,"build":21,"revision":0,"majorRevision":0,"minorRevision":0},"backgroundColor":"rgba(0, 200, 238, 1)","backgroundImageUri":"/3781826763781946095/N7baa3433-38f8-46b3-bb52-f40e3e2c5b77-logoSmallFile","displayName":"MapView","description":"","commitMessage":"","appUris":{"documentUri":{"value":"/3781826763781946095/Nf6a28041-1385-40cb-9431-e54115c00f1e-document.msapp"},"imageUris":[]},"createdTime":"0001-01-01T00:00:00Z","lastModifiedTime":"0001-01-01T00:00:00Z","sharedGroupsCount":0,"sharedUsersCount":0,"icons":{"smallIconUri":"/3781826763781946095/N9824cdfb-9227-48f6-8549-032fcc74c3aa-small.png","mediumIconUri":"/3781826763781946095/N3e9f5caf-825c-4b4b-9ca7-4e1f7d3d17a6-medium.png","largeIconUri":"/3781826763781946095/Nbd3d6544-7196-41bb-9187-a4451ba48b00-large.png","wideIconUri":"/3781826763781946095/N8c8cd8f5-ec26-4277-ad83-8f37f563b328-wide.png"},"connectionReferences":{"ca15a535-60d7-4774-b65a-f12a60b77291":{"id":"f7d82149-27e8-4e9c-8dee-48cfd6705a5f","displayName":"Office 365 ユーザー","iconUri":"https://connectoricons-prod.azureedge.net/releases/v1.0.1510/1.0.1510.2537/office365users/icon.png","dataSources":["Office365ユーザー"],"dependencies":[],"dependents":[],"parameterHints":{},"parameterHintsV2":{},"isOnPremiseConnection":false,"bypassConsent":false,"dataSets":{},"apiTier":"Standard","isCustomApiConnection":false,"actions":["MyProfileV2","SearchUserV2","UserPhoto"]}},"databaseReferences":{},"almMode":"Solution","performanceOptimizationEnabled":true,"executionRestrictions":{"isTeamsOnly":false,"dataLossPreventionEvaluationResult":{"status":"Compliant","lastEvaluationDate":"2021-09-25T09:36:03.3970258Z","violations":[],"violationsByPolicy":[],"violationErrorMessage":"このアプリでは、次のコネクタが使用されます: shared_office365users。"}}},"appType":"ClassicCanvasApp","appComponents":[]}}